<step title="BackgroundTrace" date="2025-11-18T22:26:34.515" instance="40b45f" url="/api/zipdeploy" method="POST" >
  <step title="Creating temporary deployment - FetchDeploymentManager" date="2025-11-18T22:26:34.656" /><!-- duration: 2ms -->
  <step title="Creating temporary deployment" date="2025-11-18T22:26:34.672" /><!-- duration: 67ms -->
  <step title="Performing fetch based deployment" date="2025-11-18T22:26:34.790" >
    <step title="Cleaning up temp folders from previous zip deployments and extracting pushed zip file /tmp/zipdeploy/c2ce976e-ccc8-4649-bebb-98a6968097a8.zip (0.00 MB) to /tmp/zipdeploy/extracted" date="2025-11-18T22:26:36.075" >
      <step title="ChmodRecursive Process exited with total time taken in ms: 103" date="2025-11-18T22:26:36.209" /><!-- duration: 19ms -->
    </step><!-- duration: 172ms -->
    <step title="Deployment timer started" date="2025-11-18T22:26:38.297" >
      <step title="DeploymentManager.Deploy(id:d1a15417-d951-4c5d-abbd-210c4be10a14)" date="2025-11-18T22:26:38.307" >
        <step title="Collecting changeset information" date="2025-11-18T22:26:38.335" /><!-- duration: 206ms -->
        <step title="Updating submodules" date="2025-11-18T22:26:38.547" /><!-- duration: 1152ms -->
        <step title="Determining deployment builder" date="2025-11-18T22:26:40.112" >
          <step title="Builder is OryxBuilder" date="2025-11-18T22:26:40.118" /><!-- duration: 2ms -->
        </step><!-- duration: 17ms -->
        <step title="PreDeployment: context.CleanOutputPath False" date="2025-11-18T22:26:40.201" >
          <step title="PreDeployment: context.OutputPath /home/site/wwwroot" date="2025-11-18T22:26:40.444" >
            <step title="Building" date="2025-11-18T22:26:40.646" >
              <step title="Executing external process" date="2025-11-18T22:26:41.415" type="process" path="starter.sh" arguments="oryx build /tmp/zipdeploy/extracted -o /tmp/build/expressbuild --platform python --platform-version 3.11 -i /tmp/8de26f18b6ca419 -p packagedir=.python_packages/lib/site-packages" >
                <step title="Cpu: python3.11(919,7.940s)+ts(920,0.090s)+build.sh(918,0.000s)+build.sh(917,0.000s)+build.sh(819,0.050s)+oryx(799,5.860s)=total(13.900s)" date="2025-11-18T22:28:49.346" /><!-- duration: 29ms -->
                <step title="starter.sh: no io activity for 61s, prev-cpu=-1.000s, current-cpu=13.900s" date="2025-11-18T22:28:51.098" /><!-- duration: 323ms -->
              </step><!-- duration: 152107ms -->
              <step title="Executing external process" date="2025-11-18T22:29:14.510" type="process" path="starter.sh" arguments="zip --symlinks -r -0 -q /tmp/build/expressbuild/20251118222913.zip ." /><!-- duration: 1419ms -->
              <step title="Executing external process" date="2025-11-18T22:29:16.338" type="process" path="starter.sh" arguments="cp /tmp/build/expressbuild/20251118222913.zip /home/data/SitePackages/20251118222913.zip" /><!-- duration: 662ms -->
              <step title="Triggering recycle (preview mode disabled)." date="2025-11-18T22:29:19.329" /><!-- duration: 17ms -->
              <step title="Modified file to trigger a restart of the app container." date="2025-11-18T22:29:19.438" /><!-- duration: 3ms -->
              <step title="Skip function trigger and logicapp sync because sku (Basic) is not dynamic (consumption plan)." date="2025-11-18T22:29:19.538" /><!-- duration: 12ms -->
              <step title="Purge deployment items" date="2025-11-18T22:29:20.271" >
                <step title="Remove temp-3e07, Failed, received at 11/18/2025 22:26:34" date="2025-11-18T22:29:20.340" /><!-- duration: 4ms -->
              </step><!-- duration: 76ms -->
            </step><!-- duration: 159774ms -->
          </step><!-- duration: 159979ms -->
          <step title="Cleaning up temp files" date="2025-11-18T22:29:20.425" /><!-- duration: 165ms -->
          <step title="Cleaning up temp files" date="2025-11-18T22:29:20.602" /><!-- duration: 552ms -->
          <step title="Reloading status file with latest updates" date="2025-11-18T22:29:21.571" >
            <step title="WebHooksManager.PublishEventAsync: PostDeployment" date="2025-11-18T22:29:21.581" /><!-- duration: 222ms -->
          </step><!-- duration: 234ms -->
          <step title="Cleaning up temporary deployment - fetch deployment was successful" date="2025-11-18T22:29:21.826" /><!-- duration: 4ms -->
        </step><!-- duration: 161702ms -->
      </step><!-- duration: 164201ms -->
