<step title="Incoming Request" date="2025-11-18T22:26:34.295" instance="40b45f" url="/api/zipdeploy?isAsync=true&amp;Deployer=az_cli_functions" method="POST" type="request" pid="770,1,7" Accept="*/*" Host="techconf-func-xizeh6mypik36.scm.azurewebsites.net" User-Agent="AZURECLI/2.80.0 (DEB)" Accept-Encoding="gzip, deflate" Authorization="Bas..." Cache-Control="no-cache" Content-Type="application/octet-stream" Content-Length="3152" x-ms-client-request-id="69798edc-c4cd-11f0-b64b-7ced8d0c5728" X-ARR-LOG-ID="69798edc-c4cd-11f0-b64b-7ced8d0c5728" CLIENT-IP="20.61.127.55:55953" X-SITE-DEPLOYMENT-ID="techconf-func-xizeh6mypik36" WAS-DEFAULT-HOSTNAME="techconf-func-xizeh6mypik36.scm.azurewebsites.net" X-Forwarded-Proto="https" X-AppService-Proto="https" X-Forwarded-TlsVersion="1.3" X-WAWS-Unencoded-URL="/api/zipdeploy?isAsync=true&amp;Deployer=az_cli_functions" X-Client-IP="20.61.127.55" X-Client-Port="55953" >
  <step title="Cleanup Xml Logs" date="2025-11-18T22:26:34.309" /><!-- duration: 4ms -->
  <step title="ZipPushDeploy" date="2025-11-18T22:26:34.427" >
    <step title="Functions App ZipDeploy. Extract zip. Remote build." date="2025-11-18T22:26:34.450" /><!-- duration: 4ms -->
    <step title="None repository commit" date="2025-11-18T22:26:34.458" >
      <step title="Commit id: d1a15417-d951-4c5d-abbd-210c4be10a14" date="2025-11-18T22:26:34.460" Message="N/A" AuthorName="N/A" AuthorEmail="N/A" /><!-- duration: 6ms -->
    </step><!-- duration: 10ms -->
    <step title="Starting PushDeployAsync" date="2025-11-18T22:26:34.470" /><!-- duration: 2ms -->
    <step title="Writing artifact to /tmp/zipdeploy/c2ce976e-ccc8-4649-bebb-98a6968097a8.zip" date="2025-11-18T22:26:34.488" >
      <step title="Writing multipart request body to /tmp/zipdeploy/c2ce976e-ccc8-4649-bebb-98a6968097a8.zip" date="2025-11-18T22:26:34.491" /><!-- duration: 2ms -->
    </step><!-- duration: 16ms -->
    <step title="Start deployment in the background" date="2025-11-18T22:26:34.512" >
      <step title="Acquiring Deployment Lock" date="2025-11-18T22:26:34.526" /><!-- duration: 10ms -->
      <step title="Acquired Deployment Lock" date="2025-11-18T22:26:34.627" /><!-- duration: 19ms -->
    </step><!-- duration: 234ms -->
  </step><!-- duration: 330ms -->
  <step title="Outgoing response" date="2025-11-18T22:26:34.768" type="response" statusCode="202" statusText="Accepted" /><!-- duration: 3ms -->
</step><!-- duration: 481ms -->
