﻿<?xml version="1.0" encoding="utf-8"?>
<deployment>
  <id>e46941b1-d9de-490a-bc05-7cccb969e024</id>
  <author>N/A</author>
  <deployer>Push-Deployer</deployer>
  <authorEmail>N/A</authorEmail>
  <message>Created via a push deployment</message>
  <progress></progress>
  <status>Success</status>
  <statusText></statusText>
  <lastSuccessEndTime>2025-11-18T21:42:09.940783Z</lastSuccessEndTime>
  <receivedTime>2025-11-18T21:39:33.339364Z</receivedTime>
  <startTime>2025-11-18T21:39:34.8465892Z</startTime>
  <endTime>2025-11-18T21:42:09.940783Z</endTime>
  <complete>True</complete>
  <is_temp>False</is_temp>
  <is_readonly>True</is_readonly>
  <buildSummary />
</deployment>