<step title="BackgroundTrace" date="2025-11-18T21:39:29.344" instance="40b45f" url="/api/zipdeploy" method="POST" >
  <step title="Creating temporary deployment - FetchDeploymentManager" date="2025-11-18T21:39:29.444" /><!-- duration: 3ms -->
  <step title="Creating temporary deployment" date="2025-11-18T21:39:29.450" /><!-- duration: 102ms -->
  <step title="Performing fetch based deployment" date="2025-11-18T21:39:29.616" >
    <step title="Cleaning up temp folders from previous zip deployments and extracting pushed zip file /tmp/zipdeploy/44b876bb-0e60-49de-acbb-ae7e70a6b1d6.zip (2.92 MB) to /tmp/zipdeploy/extracted" date="2025-11-18T21:39:30.847" >
      <step title="ChmodRecursive Process exited with total time taken in ms: 91" date="2025-11-18T21:39:31.117" /><!-- duration: 71ms -->
    </step><!-- duration: 352ms -->
    <step title="Deployment timer started" date="2025-11-18T21:39:33.221" >
      <step title="DeploymentManager.Deploy(id:e46941b1-d9de-490a-bc05-7cccb969e024)" date="2025-11-18T21:39:33.241" >
        <step title="Collecting changeset information" date="2025-11-18T21:39:33.289" /><!-- duration: 162ms -->
        <step title="Updating submodules" date="2025-11-18T21:39:33.470" /><!-- duration: 1172ms -->
        <step title="Determining deployment builder" date="2025-11-18T21:39:34.921" >
          <step title="Builder is OryxBuilder" date="2025-11-18T21:39:34.933" /><!-- duration: 9ms -->
        </step><!-- duration: 34ms -->
        <step title="PreDeployment: context.CleanOutputPath False" date="2025-11-18T21:39:35.005" >
          <step title="PreDeployment: context.OutputPath /home/site/wwwroot" date="2025-11-18T21:39:35.195" >
            <step title="Building" date="2025-11-18T21:39:35.591" >
              <step title="Executing external process" date="2025-11-18T21:39:35.987" type="process" path="bash" arguments="-c &quot;oryx build /tmp/zipdeploy/extracted -o /home/site/wwwroot --platform python --platform-version 3.11 -p virtualenv_name=antenv --log-file /tmp/build-debug.log  -i /tmp/8de26eaf77d4a00 --compress-destination-dir | tee /tmp/oryx-build.log ; exit $PIPESTATUS &quot;" /><!-- duration: 150853ms -->
              <step title="Using PythonDeploymentLogParser" date="2025-11-18T21:42:07.438" /><!-- duration: 10ms -->
              <step title="Triggering recycle (preview mode disabled)." date="2025-11-18T21:42:09.210" /><!-- duration: 22ms -->
              <step title="Modified file to trigger a restart of the app container." date="2025-11-18T21:42:09.531" /><!-- duration: 2ms -->
              <step title="Skip function trigger and logicapp sync because function is not enabled." date="2025-11-18T21:42:09.545" /><!-- duration: 4ms -->
            </step><!-- duration: 154850ms -->
          </step><!-- duration: 155285ms -->
          <step title="Cleaning up temp files" date="2025-11-18T21:42:10.491" /><!-- duration: 889ms -->
          <step title="Cleaning up temp files" date="2025-11-18T21:42:11.386" /><!-- duration: 507ms -->
          <step title="Reloading status file with latest updates" date="2025-11-18T21:42:12.001" >
            <step title="WebHooksManager.PublishEventAsync: PostDeployment" date="2025-11-18T21:42:12.012" /><!-- duration: 181ms -->
          </step><!-- duration: 203ms -->
          <step title="Cleaning up temporary deployment - fetch deployment was successful" date="2025-11-18T21:42:12.215" /><!-- duration: 3ms -->
        </step><!-- duration: 157274ms -->
      </step><!-- duration: 159056ms -->
