<step title="Incoming Request" date="2025-11-18T21:39:28.199" instance="40b45f" url="/api/zipdeploy?isAsync=true" method="POST" type="request" pid="776,1,15" Accept="*/*" Host="techconf-web-xizeh6mypik36.scm.azurewebsites.net" User-Agent="AZURECLI/2.80.0 (DEB)" Accept-Encoding="gzip, deflate" Authorization="Bas..." Cache-Control="no-cache" Content-Type="application/octet-stream" Content-Length="3062820" x-ms-client-request-id="0c22fc10-c4c7-11f0-8c99-7ced8d0c5728" x-ms-artifact-checksum="8efa4a504798dfefafa30e846a3ed07f982a432d368e6393fc9d1453af150614" X-ARR-LOG-ID="0c22fc10-c4c7-11f0-8c99-7ced8d0c5728" CLIENT-IP="20.61.127.55:55952" X-SITE-DEPLOYMENT-ID="techconf-web-xizeh6mypik36" WAS-DEFAULT-HOSTNAME="techconf-web-xizeh6mypik36.scm.azurewebsites.net" X-Forwarded-Proto="https" X-AppService-Proto="https" X-Forwarded-TlsVersion="1.3" X-WAWS-Unencoded-URL="/api/zipdeploy?isAsync=true" X-Client-IP="20.61.127.55" X-Client-Port="55952" >
  <step title="ZipPushDeploy" date="2025-11-18T21:39:29.005" >
    <step title="ZipDeploy. Extract zip. Remote build." date="2025-11-18T21:39:29.015" /><!-- duration: 2ms -->
    <step title="None repository commit" date="2025-11-18T21:39:29.023" >
      <step title="Commit id: e46941b1-d9de-490a-bc05-7cccb969e024" date="2025-11-18T21:39:29.026" Message="N/A" AuthorName="N/A" AuthorEmail="N/A" /><!-- duration: 3ms -->
    </step><!-- duration: 8ms -->
    <step title="Starting PushDeployAsync" date="2025-11-18T21:39:29.035" /><!-- duration: 3ms -->
    <step title="Writing artifact to /tmp/zipdeploy/44b876bb-0e60-49de-acbb-ae7e70a6b1d6.zip" date="2025-11-18T21:39:29.057" >
      <step title="Writing multipart request body to /tmp/zipdeploy/44b876bb-0e60-49de-acbb-ae7e70a6b1d6.zip" date="2025-11-18T21:39:29.071" /><!-- duration: 9ms -->
    </step><!-- duration: 253ms -->
    <step title="Start deployment in the background" date="2025-11-18T21:39:29.341" >
      <step title="Acquiring Deployment Lock" date="2025-11-18T21:39:29.379" /><!-- duration: 3ms -->
      <step title="Acquired Deployment Lock" date="2025-11-18T21:39:29.438" /><!-- duration: 3ms -->
    </step><!-- duration: 215ms -->
  </step><!-- duration: 559ms -->
  <step title="Outgoing response" date="2025-11-18T21:39:29.594" type="response" statusCode="202" statusText="Accepted" /><!-- duration: 2ms -->
</step><!-- duration: 1399ms -->
